date,rain_sum,temperature_2m_mean
2020-12-31 18:00:00+00:00,0.0,17.95575
2021-01-01 18:00:00+00:00,0.0,17.91825
2021-01-02 18:00:00+00:00,0.0,18.30575
2021-01-03 18:00:00+00:00,0.0,19.122416
2021-01-04 18:00:00+00:00,0.0,19.7995
2021-01-05 18:00:00+00:00,0.0,20.584915
2021-01-06 18:00:00+00:00,0.0,21.730751
2021-01-07 18:00:00+00:00,0.0,21.357834
2021-01-08 18:00:00+00:00,0.0,20.922415
2021-01-09 18:00:00+00:00,0.0,21.751581
2021-01-10 18:00:00+00:00,0.1,22.609915
2021-01-11 18:00:00+00:00,0.0,20.414085
2021-01-12 18:00:00+00:00,0.0,18.789082
2021-01-13 18:00:00+00:00,0.0,18.995333
2021-01-14 18:00:00+00:00,0.0,17.541166
2021-01-15 18:00:00+00:00,0.0,17.082834
2021-01-16 18:00:00+00:00,0.0,16.982832
2021-01-17 18:00:00+00:00,0.0,16.643251
2021-01-18 18:00:00+00:00,0.0,18.364086
2021-01-19 18:00:00+00:00,2.1,19.411999
2021-01-20 18:00:00+00:00,0.0,18.732832
2021-01-21 18:00:00+00:00,0.0,17.397415
2021-01-22 18:00:00+00:00,0.0,17.057833
2021-01-23 18:00:00+00:00,0.0,18.528666
2021-01-24 18:00:00+00:00,0.0,17.795332
2021-01-25 18:00:00+00:00,0.0,17.436998
2021-01-26 18:00:00+00:00,0.0,16.278667
2021-01-27 18:00:00+00:00,0.0,15.712002
2021-01-28 18:00:00+00:00,0.0,16.864082
2021-01-29 18:00:00+00:00,0.0,17.247417
2021-01-30 18:00:00+00:00,0.0,14.476583
2021-01-31 18:00:00+00:00,0.0,14.372418
2021-02-01 18:00:00+00:00,0.0,15.555748
2021-02-02 18:00:00+00:00,0.0,16.718248
2021-02-03 18:00:00+00:00,0.0,18.209915
2021-02-04 18:00:00+00:00,0.0,18.822416
2021-02-05 18:00:00+00:00,0.0,19.862
2021-02-06 18:00:00+00:00,0.0,18.468248
2021-02-07 18:00:00+00:00,0.0,19.012
2021-02-08 18:00:00+00:00,0.0,18.884916
2021-02-09 18:00:00+00:00,0.0,19.253664
2021-02-10 18:00:00+00:00,0.0,20.1495
2021-02-11 18:00:00+00:00,0.0,20.430752
2021-02-12 18:00:00+00:00,0.0,19.832834
2021-02-13 18:00:00+00:00,0.0,20.353666
2021-02-14 18:00:00+00:00,0.0,21.89742
2021-02-15 18:00:00+00:00,0.0,21.259916
2021-02-16 18:00:00+00:00,0.0,21.478666
2021-02-17 18:00:00+00:00,0.0,21.953667
2021-02-18 18:00:00+00:00,0.0,22.343248
2021-02-19 18:00:00+00:00,0.0,22.057833
2021-02-20 18:00:00+00:00,0.0,21.94325
2021-02-21 18:00:00+00:00,0.0,21.51825
2021-02-22 18:00:00+00:00,0.0,21.847418
2021-02-23 18:00:00+00:00,0.0,22.970331
2021-02-24 18:00:00+00:00,0.0,24.38283
2021-02-25 18:00:00+00:00,0.0,25.026583
2021-02-26 18:00:00+00:00,0.0,25.6495
2021-02-27 18:00:00+00:00,0.0,25.895332
2021-02-28 18:00:00+00:00,0.0,25.645332
2021-03-01 18:00:00+00:00,0.0,25.501585
2021-03-02 18:00:00+00:00,0.1,25.15158
2021-03-03 18:00:00+00:00,0.0,24.112001
2021-03-04 18:00:00+00:00,0.4,24.939085
2021-03-05 18:00:00+00:00,0.0,26.487
2021-03-06 18:00:00+00:00,0.0,25.718248
2021-03-07 18:00:00+00:00,0.1,25.793245
2021-03-08 18:00:00+00:00,0.1,25.551582
2021-03-09 18:00:00+00:00,0.9,26.551582
2021-03-10 18:00:00+00:00,0.0,26.564081
2021-03-11 18:00:00+00:00,0.0,26.843246
2021-03-12 18:00:00+00:00,0.0,26.245337
2021-03-13 18:00:00+00:00,0.0,24.578667
2021-03-14 18:00:00+00:00,0.0,25.093252
2021-03-15 18:00:00+00:00,0.0,26.372414
2021-03-16 18:00:00+00:00,0.0,26.364082
2021-03-17 18:00:00+00:00,0.0,26.737
2021-03-18 18:00:00+00:00,0.0,27.262
2021-03-19 18:00:00+00:00,0.0,28.55783
2021-03-20 18:00:00+00:00,0.0,28.984917
2021-03-21 18:00:00+00:00,0.0,28.395334
2021-03-22 18:00:00+00:00,0.0,28.657835
2021-03-23 18:00:00+00:00,0.0,29.464088
2021-03-24 18:00:00+00:00,0.0,29.711996
2021-03-25 18:00:00+00:00,0.0,28.564081
2021-03-26 18:00:00+00:00,0.0,28.093248
2021-03-27 18:00:00+00:00,0.0,28.055748
2021-03-28 18:00:00+00:00,0.4,27.997414
2021-03-29 18:00:00+00:00,1.9,29.228666
2021-03-30 18:00:00+00:00,0.0,30.180748
2021-03-31 18:00:00+00:00,0.0,30.407835
2021-04-01 18:00:00+00:00,0.0,28.951584
2021-04-02 18:00:00+00:00,0.0,28.68908
2021-04-03 18:00:00+00:00,0.0,28.405748
2021-04-04 18:00:00+00:00,0.0,28.418253
2021-04-05 18:00:00+00:00,0.0,27.75783
2021-04-06 18:00:00+00:00,0.0,28.791168
2021-04-07 18:00:00+00:00,0.3,28.639084
2021-04-08 18:00:00+00:00,0.6,28.941168
2021-04-09 18:00:00+00:00,2.5,28.305754
2021-04-10 18:00:00+00:00,0.0,29.732834
2021-04-11 18:00:00+00:00,0.3,30.107832
2021-04-12 18:00:00+00:00,0.5,29.99116
2021-04-13 18:00:00+00:00,0.0,29.916168
2021-04-14 18:00:00+00:00,0.1,29.959915
2021-04-15 18:00:00+00:00,0.4,29.266167
2021-04-16 18:00:00+00:00,0.0,28.066164
2021-04-17 18:00:00+00:00,0.3,28.624498
2021-04-18 18:00:00+00:00,0.0,30.047417
2021-04-19 18:00:00+00:00,0.0,31.014082
2021-04-20 18:00:00+00:00,0.0,30.62242
2021-04-21 18:00:00+00:00,6.4,28.311998
2021-04-22 18:00:00+00:00,0.0,28.1745
2021-04-23 18:00:00+00:00,0.0,29.87242
2021-04-24 18:00:00+00:00,0.0,31.11825
2021-04-25 18:00:00+00:00,0.0,31.912
2021-04-26 18:00:00+00:00,0.0,31.637003
2021-04-27 18:00:00+00:00,0.1,31.853666
2021-04-28 18:00:00+00:00,0.0,31.691164
2021-04-29 18:00:00+00:00,0.0,31.13491
2021-04-30 18:00:00+00:00,0.0,30.597418
2021-05-01 18:00:00+00:00,1.4000001,29.916166
2021-05-02 18:00:00+00:00,16.8,27.864082
2021-05-03 18:00:00+00:00,3.1999998,26.745333
2021-05-04 18:00:00+00:00,3.8999999,27.084917
2021-05-05 18:00:00+00:00,6.2999997,27.086998
2021-05-06 18:00:00+00:00,2.6000001,27.759912
2021-05-07 18:00:00+00:00,9.0,27.31825
2021-05-08 18:00:00+00:00,2.8,27.69325
2021-05-09 18:00:00+00:00,9.700002,27.71617
2021-05-10 18:00:00+00:00,13.300001,26.701582
2021-05-11 18:00:00+00:00,27.200003,26.755747
2021-05-12 18:00:00+00:00,23.500002,26.737001
2021-05-13 18:00:00+00:00,9.5,27.055746
2021-05-14 18:00:00+00:00,0.9,29.409914
2021-05-15 18:00:00+00:00,1.1,29.762
2021-05-16 18:00:00+00:00,0.4,31.12033
2021-05-17 18:00:00+00:00,12.0,30.037
2021-05-18 18:00:00+00:00,14.200001,28.568247
2021-05-19 18:00:00+00:00,0.0,30.593252
2021-05-20 18:00:00+00:00,0.6,30.207832
2021-05-21 18:00:00+00:00,0.0,31.101583
2021-05-22 18:00:00+00:00,0.3,31.33075
2021-05-23 18:00:00+00:00,6.4999995,30.745337
2021-05-24 18:00:00+00:00,21.300003,29.072416
2021-05-25 18:00:00+00:00,3.8,27.8995
2021-05-26 18:00:00+00:00,2.6999998,28.491167
2021-05-27 18:00:00+00:00,3.0,29.13283
2021-05-28 18:00:00+00:00,1.6,29.60367
2021-05-29 18:00:00+00:00,3.5,29.63075
2021-05-30 18:00:00+00:00,21.100002,28.299501
2021-05-31 18:00:00+00:00,37.29999,27.19325
2021-06-01 18:00:00+00:00,8.9,28.655748
2021-06-02 18:00:00+00:00,1.2,29.201582
2021-06-03 18:00:00+00:00,0.6,29.768248
2021-06-04 18:00:00+00:00,24.000002,28.61825
2021-06-05 18:00:00+00:00,31.000004,26.674501
2021-06-06 18:00:00+00:00,25.9,28.149498
2021-06-07 18:00:00+00:00,32.7,27.903664
2021-06-08 18:00:00+00:00,2.1999998,28.743254
2021-06-09 18:00:00+00:00,6.6000004,28.161997
2021-06-10 18:00:00+00:00,16.099998,27.534912
2021-06-11 18:00:00+00:00,12.400002,27.41408
2021-06-12 18:00:00+00:00,3.8000002,28.318247
2021-06-13 18:00:00+00:00,2.4999998,28.10575
2021-06-14 18:00:00+00:00,18.300001,27.739082
2021-06-15 18:00:00+00:00,10.6,26.61825
2021-06-16 18:00:00+00:00,14.000002,26.4245
2021-06-17 18:00:00+00:00,27.3,25.941168
2021-06-18 18:00:00+00:00,44.5,25.357832
2021-06-19 18:00:00+00:00,17.000004,26.305748
2021-06-20 18:00:00+00:00,6.5,27.193253
2021-06-21 18:00:00+00:00,8.099999,27.668251
2021-06-22 18:00:00+00:00,1.9000002,28.184916
2021-06-23 18:00:00+00:00,2.8999999,28.124498
2021-06-24 18:00:00+00:00,1.9000002,28.29325
2021-06-25 18:00:00+00:00,4.2000003,28.257833
2021-06-26 18:00:00+00:00,2.5,29.066164
2021-06-27 18:00:00+00:00,5.5,28.5245
2021-06-28 18:00:00+00:00,12.899999,28.049501
2021-06-29 18:00:00+00:00,42.499996,27.949501
2021-06-30 18:00:00+00:00,16.199999,26.999498
2021-07-01 18:00:00+00:00,24.2,27.239084
2021-07-02 18:00:00+00:00,10.999999,27.584917
2021-07-03 18:00:00+00:00,4.1000004,27.941168
2021-07-04 18:00:00+00:00,7.3999996,28.172417
2021-07-05 18:00:00+00:00,7.3999996,28.3995
2021-07-06 18:00:00+00:00,21.200003,28.03908
2021-07-07 18:00:00+00:00,7.7999997,28.151583
2021-07-08 18:00:00+00:00,1.3000001,29.016165
2021-07-09 18:00:00+00:00,0.90000004,28.837
2021-07-10 18:00:00+00:00,3.8999996,29.357834
2021-07-11 18:00:00+00:00,8.8,29.336998
2021-07-12 18:00:00+00:00,7.4999995,28.784912
2021-07-13 18:00:00+00:00,1.6000001,28.54325
2021-07-14 18:00:00+00:00,2.3999999,29.034918
2021-07-15 18:00:00+00:00,4.7999997,29.487001
2021-07-16 18:00:00+00:00,7.3999996,28.516167
2021-07-17 18:00:00+00:00,2.0,28.957834
2021-07-18 18:00:00+00:00,6.399999,28.639084
2021-07-19 18:00:00+00:00,36.399994,27.445333
2021-07-20 18:00:00+00:00,2.3999999,28.912003
2021-07-21 18:00:00+00:00,2.1999998,29.455751
2021-07-22 18:00:00+00:00,8.899999,27.566164
2021-07-23 18:00:00+00:00,51.699997,26.757835
2021-07-24 18:00:00+00:00,5.5,28.603662
2021-07-25 18:00:00+00:00,5.199999,28.455755
2021-07-26 18:00:00+00:00,15.9,28.937002
2021-07-27 18:00:00+00:00,4.6,27.728666
2021-07-28 18:00:00+00:00,36.500008,26.420332
2021-07-29 18:00:00+00:00,12.8,26.97033
2021-07-30 18:00:00+00:00,11.500002,27.476583
2021-07-31 18:00:00+00:00,12.599999,27.6495
2021-08-01 18:00:00+00:00,11.999999,27.334915
2021-08-02 18:00:00+00:00,8.6,27.791166
2021-08-03 18:00:00+00:00,14.400001,28.155748
2021-08-04 18:00:00+00:00,0.70000005,29.414083
2021-08-05 18:00:00+00:00,12.400001,28.61825
2021-08-06 18:00:00+00:00,19.6,27.062002
2021-08-07 18:00:00+00:00,15.5,27.420334
2021-08-08 18:00:00+00:00,6.7,28.36617
2021-08-09 18:00:00+00:00,9.099998,28.84117
2021-08-10 18:00:00+00:00,14.599999,28.784914
2021-08-11 18:00:00+00:00,3.0,28.909918
2021-08-12 18:00:00+00:00,4.2,27.645334
2021-08-13 18:00:00+00:00,5.9,28.049498
2021-08-14 18:00:00+00:00,0.8000001,29.070333
2021-08-15 18:00:00+00:00,9.500001,27.824501
2021-08-16 18:00:00+00:00,9.100001,26.899498
2021-08-17 18:00:00+00:00,3.1,26.766165
2021-08-18 18:00:00+00:00,4.8999996,26.751581
2021-08-19 18:00:00+00:00,6.5,27.095331
2021-08-20 18:00:00+00:00,4.7999997,28.030752
2021-08-21 18:00:00+00:00,2.3000002,28.864082
2021-08-22 18:00:00+00:00,11.500001,29.05158
2021-08-23 18:00:00+00:00,8.299999,28.609915
2021-08-24 18:00:00+00:00,23.999998,28.557837
2021-08-25 18:00:00+00:00,16.899998,27.95575
2021-08-26 18:00:00+00:00,11.599999,28.172415
2021-08-27 18:00:00+00:00,6.4,28.359915
2021-08-28 18:00:00+00:00,3.0000002,27.759916
2021-08-29 18:00:00+00:00,5.6999993,27.718248
2021-08-30 18:00:00+00:00,1.1,28.451584
2021-08-31 18:00:00+00:00,3.6999998,28.572416
2021-09-01 18:00:00+00:00,4.9,28.637001
2021-09-02 18:00:00+00:00,5.1999993,29.020334
2021-09-03 18:00:00+00:00,1.2,29.784914
2021-09-04 18:00:00+00:00,8.699999,29.468252
2021-09-05 18:00:00+00:00,13.4000025,29.012
2021-09-06 18:00:00+00:00,5.6,27.80783
2021-09-07 18:00:00+00:00,5.7999997,28.02033
2021-09-08 18:00:00+00:00,0.70000005,28.643248
2021-09-09 18:00:00+00:00,0.5,29.807833
2021-09-10 18:00:00+00:00,2.4,29.193254
2021-09-11 18:00:00+00:00,1.3000001,29.44533
2021-09-12 18:00:00+00:00,7.5999994,28.1995
2021-09-13 18:00:00+00:00,18.2,26.941168
2021-09-14 18:00:00+00:00,3.6999998,28.595331
2021-09-15 18:00:00+00:00,15.300003,28.201578
2021-09-16 18:00:00+00:00,8.599998,28.009916
2021-09-17 18:00:00+00:00,9.3,26.693247
2021-09-18 18:00:00+00:00,25.500002,26.641167
2021-09-19 18:00:00+00:00,6.3999996,26.089083
2021-09-20 18:00:00+00:00,7.0999994,26.595335
2021-09-21 18:00:00+00:00,5.9999995,26.94325
2021-09-22 18:00:00+00:00,0.5,28.409914
2021-09-23 18:00:00+00:00,0.0,29.514084
2021-09-24 18:00:00+00:00,12.6,28.864082
2021-09-25 18:00:00+00:00,7.0,28.714083
2021-09-26 18:00:00+00:00,3.3,29.21617
2021-09-27 18:00:00+00:00,3.2,27.739082
2021-09-28 18:00:00+00:00,3.5,26.749498
2021-09-29 18:00:00+00:00,1.6,28.168253
2021-09-30 18:00:00+00:00,0.5,28.905752
2021-10-01 18:00:00+00:00,0.6,29.178667
2021-10-02 18:00:00+00:00,11.1,28.280746
2021-10-03 18:00:00+00:00,23.100002,26.997416
2021-10-04 18:00:00+00:00,10.8,27.391169
2021-10-05 18:00:00+00:00,2.5,28.22242
2021-10-06 18:00:00+00:00,0.8000001,28.591166
2021-10-07 18:00:00+00:00,2.5,28.589083
2021-10-08 18:00:00+00:00,1.8000001,28.509916
2021-10-09 18:00:00+00:00,1.0,28.920332
2021-10-10 18:00:00+00:00,0.0,29.711998
2021-10-11 18:00:00+00:00,0.1,29.999498
2021-10-12 18:00:00+00:00,0.0,29.08075
2021-10-13 18:00:00+00:00,2.1,30.018251
2021-10-14 18:00:00+00:00,9.400001,30.391167
2021-10-15 18:00:00+00:00,1.0,29.034914
2021-10-16 18:00:00+00:00,7.9,29.070335
2021-10-17 18:00:00+00:00,23.6,26.039085
2021-10-18 18:00:00+00:00,22.100004,25.528666
2021-10-19 18:00:00+00:00,18.199999,25.8495
2021-10-20 18:00:00+00:00,3.0999997,26.491167
2021-10-21 18:00:00+00:00,0.1,25.999498
2021-10-22 18:00:00+00:00,0.0,25.874498
2021-10-23 18:00:00+00:00,0.0,26.137001
2021-10-24 18:00:00+00:00,0.0,26.326584
2021-10-25 18:00:00+00:00,0.0,26.487
2021-10-26 18:00:00+00:00,0.0,26.26825
2021-10-27 18:00:00+00:00,0.7,26.099497
2021-10-28 18:00:00+00:00,0.0,26.984919
2021-10-29 18:00:00+00:00,0.0,26.847418
2021-10-30 18:00:00+00:00,0.0,25.874502
2021-10-31 18:00:00+00:00,0.0,24.693247
2021-11-01 18:00:00+00:00,0.0,24.262
2021-11-02 18:00:00+00:00,0.0,23.99325
2021-11-03 18:00:00+00:00,0.0,23.624498
2021-11-04 18:00:00+00:00,0.0,22.828667
2021-11-05 18:00:00+00:00,0.0,23.007833
2021-11-06 18:00:00+00:00,0.0,22.670334
2021-11-07 18:00:00+00:00,0.0,22.928667
2021-11-08 18:00:00+00:00,0.0,22.70575
2021-11-09 18:00:00+00:00,0.0,23.064085
2021-11-10 18:00:00+00:00,0.0,23.889082
2021-11-11 18:00:00+00:00,0.1,24.6745
2021-11-12 18:00:00+00:00,16.4,22.164083
2021-11-13 18:00:00+00:00,0.5,22.966166
2021-11-14 18:00:00+00:00,3.6,22.889084
2021-11-15 18:00:00+00:00,0.0,23.37033
2021-11-16 18:00:00+00:00,0.0,22.278664
2021-11-17 18:00:00+00:00,0.0,21.847414
2021-11-18 18:00:00+00:00,0.0,21.845331
2021-11-19 18:00:00+00:00,0.0,22.743248
2021-11-20 18:00:00+00:00,0.0,23.232832
2021-11-21 18:00:00+00:00,0.0,23.887001
2021-11-22 18:00:00+00:00,0.90000004,24.066164
2021-11-23 18:00:00+00:00,0.0,23.949501
2021-11-24 18:00:00+00:00,0.0,22.541166
2021-11-25 18:00:00+00:00,0.0,22.06825
2021-11-26 18:00:00+00:00,0.0,20.647417
2021-11-27 18:00:00+00:00,0.0,20.7245
2021-11-28 18:00:00+00:00,0.0,20.653667
2021-11-29 18:00:00+00:00,0.0,21.634912
2021-11-30 18:00:00+00:00,0.0,22.030752
2021-12-01 18:00:00+00:00,0.0,22.603666
2021-12-02 18:00:00+00:00,0.0,22.574501
2021-12-03 18:00:00+00:00,2.9,22.153666
2021-12-04 18:00:00+00:00,38.300003,21.259916
2021-12-05 18:00:00+00:00,145.39998,19.616163
2021-12-06 18:00:00+00:00,1.2,21.849497
2021-12-07 18:00:00+00:00,0.0,21.578667
2021-12-08 18:00:00+00:00,0.3,22.086998
2021-12-09 18:00:00+00:00,0.4,22.968252
2021-12-10 18:00:00+00:00,0.0,20.764082
2021-12-11 18:00:00+00:00,0.0,19.912
2021-12-12 18:00:00+00:00,0.0,18.00783
2021-12-13 18:00:00+00:00,0.0,18.266169
2021-12-14 18:00:00+00:00,0.0,18.501583
2021-12-15 18:00:00+00:00,0.0,18.607832
2021-12-16 18:00:00+00:00,0.0,18.380749
2021-12-17 18:00:00+00:00,0.0,17.941166
2021-12-18 18:00:00+00:00,0.0,18.0995
2021-12-19 18:00:00+00:00,0.0,16.568249
2021-12-20 18:00:00+00:00,0.0,17.1745
2021-12-21 18:00:00+00:00,0.0,17.926582
2021-12-22 18:00:00+00:00,0.0,18.409916
2021-12-23 18:00:00+00:00,0.0,19.286999
2021-12-24 18:00:00+00:00,0.0,18.637
2021-12-25 18:00:00+00:00,0.0,18.776585
2021-12-26 18:00:00+00:00,0.0,18.953669
2021-12-27 18:00:00+00:00,0.0,18.48908
2021-12-28 18:00:00+00:00,0.0,18.282831
2021-12-29 18:00:00+00:00,0.8,18.647417
2021-12-30 18:00:00+00:00,0.0,18.534916
2021-12-31 18:00:00+00:00,0.0,18.191164
2022-01-01 18:00:00+00:00,0.0,18.039082
2022-01-02 18:00:00+00:00,0.0,17.601583
2022-01-03 18:00:00+00:00,0.0,17.16825
2022-01-04 18:00:00+00:00,0.0,17.157835
2022-01-05 18:00:00+00:00,0.0,17.466166
2022-01-06 18:00:00+00:00,0.0,18.612001
2022-01-07 18:00:00+00:00,0.0,19.139086
2022-01-08 18:00:00+00:00,0.0,19.226585
2022-01-09 18:00:00+00:00,0.0,19.776585
2022-01-10 18:00:00+00:00,1.9,20.709917
2022-01-11 18:00:00+00:00,3.5,20.314083
2022-01-12 18:00:00+00:00,1.1,19.6495
2022-01-13 18:00:00+00:00,0.0,18.280748
2022-01-14 18:00:00+00:00,0.0,17.966166
2022-01-15 18:00:00+00:00,0.0,17.082834
2022-01-16 18:00:00+00:00,0.0,17.041166
2022-01-17 18:00:00+00:00,0.0,17.516167
2022-01-18 18:00:00+00:00,0.1,17.766165
2022-01-19 18:00:00+00:00,0.0,17.0745
2022-01-20 18:00:00+00:00,0.0,17.645334
2022-01-21 18:00:00+00:00,0.2,18.128666
2022-01-22 18:00:00+00:00,0.1,18.24325
2022-01-23 18:00:00+00:00,4.3,18.399498
2022-01-24 18:00:00+00:00,0.0,18.657837
2022-01-25 18:00:00+00:00,1.1,18.712002
2022-01-26 18:00:00+00:00,0.4,17.7745
2022-01-27 18:00:00+00:00,0.0,15.351582
2022-01-28 18:00:00+00:00,0.0,14.495334
2022-01-29 18:00:00+00:00,0.0,15.541165
2022-01-30 18:00:00+00:00,0.0,17.264082
2022-01-31 18:00:00+00:00,0.5,18.307833
2022-02-01 18:00:00+00:00,0.0,18.059916
2022-02-02 18:00:00+00:00,6.7,19.318247
2022-02-03 18:00:00+00:00,17.7,18.528666
2022-02-04 18:00:00+00:00,5.1,18.047417
2022-02-05 18:00:00+00:00,0.0,15.691166
2022-02-06 18:00:00+00:00,0.0,16.478668
2022-02-07 18:00:00+00:00,0.0,17.622417
2022-02-08 18:00:00+00:00,0.1,18.451582
2022-02-09 18:00:00+00:00,0.8,16.932835
2022-02-10 18:00:00+00:00,0.2,17.705748
2022-02-11 18:00:00+00:00,0.0,17.164085
2022-02-12 18:00:00+00:00,0.0,17.439081
2022-02-13 18:00:00+00:00,0.0,17.889082
2022-02-14 18:00:00+00:00,0.0,17.889084
2022-02-15 18:00:00+00:00,0.0,18.345335
2022-02-16 18:00:00+00:00,0.0,18.237001
2022-02-17 18:00:00+00:00,0.0,18.837
2022-02-18 18:00:00+00:00,0.0,18.559917
2022-02-19 18:00:00+00:00,4.2999997,18.745333
2022-02-20 18:00:00+00:00,0.1,19.597416
2022-02-21 18:00:00+00:00,0.0,19.932833
2022-02-22 18:00:00+00:00,0.0,21.930748
2022-02-23 18:00:00+00:00,0.4,22.247416
2022-02-24 18:00:00+00:00,0.2,21.582834
2022-02-25 18:00:00+00:00,0.0,22.003664
2022-02-26 18:00:00+00:00,0.9,21.670334
2022-02-27 18:00:00+00:00,0.1,22.747416
2022-02-28 18:00:00+00:00,0.0,23.136995
2022-03-01 18:00:00+00:00,0.0,22.647415
2022-03-02 18:00:00+00:00,0.0,22.003668
2022-03-03 18:00:00+00:00,0.0,22.703667
2022-03-04 18:00:00+00:00,0.0,23.787
2022-03-05 18:00:00+00:00,0.0,22.824501
2022-03-06 18:00:00+00:00,0.0,23.99533
2022-03-07 18:00:00+00:00,0.0,24.497416
2022-03-08 18:00:00+00:00,0.0,24.509918
2022-03-09 18:00:00+00:00,0.0,24.218246
2022-03-10 18:00:00+00:00,0.0,23.482828
2022-03-11 18:00:00+00:00,0.0,24.02867
2022-03-12 18:00:00+00:00,0.0,23.957832
2022-03-13 18:00:00+00:00,0.0,24.591166
2022-03-14 18:00:00+00:00,0.0,25.439085
2022-03-15 18:00:00+00:00,0.0,26.8995
2022-03-16 18:00:00+00:00,0.0,27.08908
2022-03-17 18:00:00+00:00,0.0,27.00575
2022-03-18 18:00:00+00:00,0.0,27.334915
2022-03-19 18:00:00+00:00,0.0,26.726583
2022-03-20 18:00:00+00:00,0.0,27.11408
2022-03-21 18:00:00+00:00,0.0,27.847414
2022-03-22 18:00:00+00:00,0.0,28.389078
2022-03-23 18:00:00+00:00,0.0,29.134918
2022-03-24 18:00:00+00:00,3.3,27.19533
2022-03-25 18:00:00+00:00,1.8000001,27.289083
2022-03-26 18:00:00+00:00,3.5,27.164083
2022-03-27 18:00:00+00:00,0.0,28.116163
2022-03-28 18:00:00+00:00,0.5,27.416168
2022-03-29 18:00:00+00:00,0.6,27.511995
2022-03-30 18:00:00+00:00,2.2,28.0245
2022-03-31 18:00:00+00:00,2.0,28.782837
2022-04-01 18:00:00+00:00,0.4,28.25783
2022-04-02 18:00:00+00:00,2.2,28.203667
2022-04-03 18:00:00+00:00,3.3999999,29.328665
2022-04-04 18:00:00+00:00,0.0,28.832832
2022-04-05 18:00:00+00:00,0.6,28.845335
2022-04-06 18:00:00+00:00,0.0,28.787
2022-04-07 18:00:00+00:00,0.2,29.28908
2022-04-08 18:00:00+00:00,6.3999996,29.001587
2022-04-09 18:00:00+00:00,6.6,28.532835
2022-04-10 18:00:00+00:00,6.5,27.811996
2022-04-11 18:00:00+00:00,1.0000001,28.65158
2022-04-12 18:00:00+00:00,0.3,28.576582
2022-04-13 18:00:00+00:00,0.2,29.203665
2022-04-14 18:00:00+00:00,0.0,29.3495
2022-04-15 18:00:00+00:00,5.3,28.9495
2022-04-16 18:00:00+00:00,14.7,28.941164
2022-04-17 18:00:00+00:00,9.5,27.084917
2022-04-18 18:00:00+00:00,2.7,27.874498
2022-04-19 18:00:00+00:00,25.000002,24.939081
2022-04-20 18:00:00+00:00,4.0,25.701582
2022-04-21 18:00:00+00:00,15.1,25.170332
2022-04-22 18:00:00+00:00,1.9,28.301588
2022-04-23 18:00:00+00:00,0.0,29.676582
2022-04-24 18:00:00+00:00,0.0,29.58075
2022-04-25 18:00:00+00:00,0.0,29.922417
2022-04-26 18:00:00+00:00,0.2,29.930748
2022-04-27 18:00:00+00:00,0.3,29.891165
2022-04-28 18:00:00+00:00,1.4,29.770332
2022-04-29 18:00:00+00:00,3.6000001,27.947412
2022-04-30 18:00:00+00:00,11.5,27.412
2022-05-01 18:00:00+00:00,5.5,27.107832
2022-05-02 18:00:00+00:00,3.1000001,25.307833
2022-05-03 18:00:00+00:00,5.6999993,25.103666
2022-05-04 18:00:00+00:00,0.2,25.747421
2022-05-05 18:00:00+00:00,6.2,27.116165
2022-05-06 18:00:00+00:00,0.5,28.49742
2022-05-07 18:00:00+00:00,0.2,29.02242
2022-05-08 18:00:00+00:00,6.2,26.659912
2022-05-09 18:00:00+00:00,12.900001,25.891169
2022-05-10 18:00:00+00:00,30.1,26.699495
2022-05-11 18:00:00+00:00,3.9,27.472412
2022-05-12 18:00:00+00:00,18.299997,27.874502
2022-05-13 18:00:00+00:00,1.1,29.662
2022-05-14 18:00:00+00:00,0.8,30.170334
2022-05-15 18:00:00+00:00,1.6,29.98909
2022-05-16 18:00:00+00:00,2.9,29.15367
2022-05-17 18:00:00+00:00,10.700001,28.814085
2022-05-18 18:00:00+00:00,6.7,29.48075
2022-05-19 18:00:00+00:00,12.700001,28.551582
2022-05-20 18:00:00+00:00,28.500004,28.462
2022-05-21 18:00:00+00:00,10.6,27.955744
2022-05-22 18:00:00+00:00,12.6,27.566164
2022-05-23 18:00:00+00:00,0.0,29.064087
2022-05-24 18:00:00+00:00,2.7,28.403666
2022-05-25 18:00:00+00:00,2.6000001,27.703667
2022-05-26 18:00:00+00:00,6.0,27.064085
2022-05-27 18:00:00+00:00,3.3,28.070333
2022-05-28 18:00:00+00:00,8.2,27.591166
2022-05-29 18:00:00+00:00,0.2,28.37242
2022-05-30 18:00:00+00:00,1.0,28.132835
2022-05-31 18:00:00+00:00,9.200002,27.914085
2022-06-01 18:00:00+00:00,2.3000002,27.968252
2022-06-02 18:00:00+00:00,14.700001,27.995333
2022-06-03 18:00:00+00:00,1.9000002,28.364084
2022-06-04 18:00:00+00:00,2.3999999,28.776583
2022-06-05 18:00:00+00:00,3.3,29.237005
2022-06-06 18:00:00+00:00,3.0,28.787
2022-06-07 18:00:00+00:00,2.1000001,29.864082
2022-06-08 18:00:00+00:00,5.3999996,28.349504
2022-06-09 18:00:00+00:00,1.7000002,28.882833
2022-06-10 18:00:00+00:00,2.2999997,28.914083
2022-06-11 18:00:00+00:00,10.1,29.195335
2022-06-12 18:00:00+00:00,7.0000005,29.568247
2022-06-13 18:00:00+00:00,7.5,29.022417
2022-06-14 18:00:00+00:00,30.699999,28.201582
2022-06-15 18:00:00+00:00,23.500002,27.539083
2022-06-16 18:00:00+00:00,33.1,26.822416
2022-06-17 18:00:00+00:00,42.5,26.351583
2022-06-18 18:00:00+00:00,33.399998,26.74533
2022-06-19 18:00:00+00:00,18.600002,26.676582
2022-06-20 18:00:00+00:00,2.9,27.212004
2022-06-21 18:00:00+00:00,2.0,28.122416
2022-06-22 18:00:00+00:00,1.4000001,28.122412
2022-06-23 18:00:00+00:00,2.3999999,28.066164
2022-06-24 18:00:00+00:00,2.3999999,28.061996
2022-06-25 18:00:00+00:00,1.3000001,28.707832
2022-06-26 18:00:00+00:00,5.7999997,28.876581
2022-06-27 18:00:00+00:00,10.5,28.532835
2022-06-28 18:00:00+00:00,13.400001,27.76825
2022-06-29 18:00:00+00:00,11.4000025,27.170332
2022-06-30 18:00:00+00:00,17.600002,27.937002
2022-07-01 18:00:00+00:00,1.3000001,28.58908
2022-07-02 18:00:00+00:00,4.1999993,28.447416
2022-07-03 18:00:00+00:00,1.0000001,29.11408
2022-07-04 18:00:00+00:00,2.0,29.334917
2022-07-05 18:00:00+00:00,2.6,28.978668
2022-07-06 18:00:00+00:00,0.70000005,29.401583
2022-07-07 18:00:00+00:00,1.3000002,29.0245
2022-07-08 18:00:00+00:00,1.7,29.297419
2022-07-09 18:00:00+00:00,1.4000001,29.520334
2022-07-10 18:00:00+00:00,2.9,29.132835
2022-07-11 18:00:00+00:00,0.70000005,29.9495
2022-07-12 18:00:00+00:00,0.70000005,30.422422
2022-07-13 18:00:00+00:00,1.7,30.434916
2022-07-14 18:00:00+00:00,9.599999,29.589087
2022-07-15 18:00:00+00:00,0.90000004,30.15783
2022-07-16 18:00:00+00:00,0.1,30.1745
2022-07-17 18:00:00+00:00,2.9,29.424498
2022-07-18 18:00:00+00:00,5.3999996,29.149504
2022-07-19 18:00:00+00:00,17.800001,28.205755
2022-07-20 18:00:00+00:00,2.3,29.347418
2022-07-21 18:00:00+00:00,1.4000001,29.659914
2022-07-22 18:00:00+00:00,5.7999997,28.874498
2022-07-23 18:00:00+00:00,11.8,27.366167
2022-07-24 18:00:00+00:00,11.299999,27.241163
2022-07-25 18:00:00+00:00,12.799999,27.26825
2022-07-26 18:00:00+00:00,0.8000001,28.80158
2022-07-27 18:00:00+00:00,1.0,29.051582
2022-07-28 18:00:00+00:00,0.6,29.703669
2022-07-29 18:00:00+00:00,7.999999,29.666162
2022-07-30 18:00:00+00:00,4.0,28.847414
2022-07-31 18:00:00+00:00,8.400001,28.562002
2022-08-01 18:00:00+00:00,7.6,28.55783
2022-08-02 18:00:00+00:00,17.400002,28.253664
2022-08-03 18:00:00+00:00,2.3999999,29.076586
2022-08-04 18:00:00+00:00,3.9,29.628664
2022-08-05 18:00:00+00:00,5.3999996,28.876585
2022-08-06 18:00:00+00:00,2.3,29.689081
2022-08-07 18:00:00+00:00,4.6,29.151583
2022-08-08 18:00:00+00:00,2.1,28.40367
2022-08-09 18:00:00+00:00,3.0,27.859917
2022-08-10 18:00:00+00:00,1.7000002,28.047411
2022-08-11 18:00:00+00:00,1.9,28.834917
2022-08-12 18:00:00+00:00,1.4000001,28.822418
2022-08-13 18:00:00+00:00,4.2,27.959915
2022-08-14 18:00:00+00:00,1.2000002,28.16408
2022-08-15 18:00:00+00:00,1.2,29.30575
2022-08-16 18:00:00+00:00,0.3,30.243248
2022-08-17 18:00:00+00:00,17.8,30.984919
2022-08-18 18:00:00+00:00,1.0,29.18075
2022-08-19 18:00:00+00:00,4.7999997,28.905752
2022-08-20 18:00:00+00:00,0.8,29.228668
2022-08-21 18:00:00+00:00,1.6,29.755745
2022-08-22 18:00:00+00:00,15.300001,27.920334
2022-08-23 18:00:00+00:00,1.2,28.362
2022-08-24 18:00:00+00:00,0.1,28.734915
2022-08-25 18:00:00+00:00,0.4,29.72658
2022-08-26 18:00:00+00:00,1.2,28.964087
2022-08-27 18:00:00+00:00,8.1,28.151583
2022-08-28 18:00:00+00:00,0.6,29.224503
2022-08-29 18:00:00+00:00,0.0,30.055746
2022-08-30 18:00:00+00:00,0.0,30.20575
2022-08-31 18:00:00+00:00,1.9000002,29.59742
2022-09-01 18:00:00+00:00,6.2999997,29.028666
2022-09-02 18:00:00+00:00,9.0,28.920334
2022-09-03 18:00:00+00:00,46.999996,27.68075
2022-09-04 18:00:00+00:00,6.9,27.803665
2022-09-05 18:00:00+00:00,4.0,28.353668
2022-09-06 18:00:00+00:00,0.2,29.753664
2022-09-07 18:00:00+00:00,0.5,30.20575
2022-09-08 18:00:00+00:00,5.7999997,29.643255
2022-09-09 18:00:00+00:00,18.100002,28.184914
2022-09-10 18:00:00+00:00,21.400003,26.097422
2022-09-11 18:00:00+00:00,25.500002,25.220331
2022-09-12 18:00:00+00:00,52.6,24.993248
2022-09-13 18:00:00+00:00,43.800003,24.859915
2022-09-14 18:00:00+00:00,6.8999996,26.807833
2022-09-15 18:00:00+00:00,17.000002,26.866165
2022-09-16 18:00:00+00:00,13.400001,28.124502
2022-09-17 18:00:00+00:00,3.6,28.387
2022-09-18 18:00:00+00:00,16.400002,27.926588
2022-09-19 18:00:00+00:00,2.7000003,28.170334
2022-09-20 18:00:00+00:00,2.0,28.095331
2022-09-21 18:00:00+00:00,3.9,28.155746
2022-09-22 18:00:00+00:00,1.6,28.280748
2022-09-23 18:00:00+00:00,0.0,28.561996
2022-09-24 18:00:00+00:00,1.0000001,28.01825
2022-09-25 18:00:00+00:00,12.400001,27.772417
2022-09-26 18:00:00+00:00,7.199999,27.76825
2022-09-27 18:00:00+00:00,11.499998,27.853666
2022-09-28 18:00:00+00:00,3.1000001,29.082832
2022-09-29 18:00:00+00:00,0.0,29.762001
2022-09-30 18:00:00+00:00,7.0,29.441168
2022-10-01 18:00:00+00:00,24.2,27.139082
2022-10-02 18:00:00+00:00,37.499996,25.843248
2022-10-03 18:00:00+00:00,11.200001,27.491165
2022-10-04 18:00:00+00:00,2.2999997,27.887001
2022-10-05 18:00:00+00:00,4.1,27.487
2022-10-06 18:00:00+00:00,0.0,28.57242
2022-10-07 18:00:00+00:00,4.5,28.80158
2022-10-08 18:00:00+00:00,3.2999997,28.097418
2022-10-09 18:00:00+00:00,5.8,27.620333
2022-10-10 18:00:00+00:00,5.499999,27.753668
2022-10-11 18:00:00+00:00,9.8,26.357834
2022-10-12 18:00:00+00:00,5.7,26.436998
2022-10-13 18:00:00+00:00,3.8000002,27.307833
2022-10-14 18:00:00+00:00,0.0,27.87867
2022-10-15 18:00:00+00:00,0.0,27.155752
2022-10-16 18:00:00+00:00,0.0,26.993248
2022-10-17 18:00:00+00:00,3.8,27.189085
2022-10-18 18:00:00+00:00,0.0,27.157831
2022-10-19 18:00:00+00:00,0.1,26.847418
2022-10-20 18:00:00+00:00,0.0,26.876587
2022-10-21 18:00:00+00:00,0.0,27.453661
2022-10-22 18:00:00+00:00,4.3999996,26.424501
2022-10-23 18:00:00+00:00,130.7,23.389082
2022-10-24 18:00:00+00:00,6.2999997,23.609919
2022-10-25 18:00:00+00:00,0.0,24.449501
2022-10-26 18:00:00+00:00,0.1,24.866167
2022-10-27 18:00:00+00:00,0.0,23.864082
2022-10-28 18:00:00+00:00,0.0,24.491165
2022-10-29 18:00:00+00:00,0.0,25.534914
2022-10-30 18:00:00+00:00,0.0,26.495333
2022-10-31 18:00:00+00:00,0.0,26.878664
2022-11-01 18:00:00+00:00,0.0,26.168245
2022-11-02 18:00:00+00:00,0.0,24.786997
2022-11-03 18:00:00+00:00,0.0,23.968246
2022-11-04 18:00:00+00:00,0.0,24.655748
2022-11-05 18:00:00+00:00,0.1,24.75367
2022-11-06 18:00:00+00:00,0.0,24.984917
2022-11-07 18:00:00+00:00,0.0,24.832832
2022-11-08 18:00:00+00:00,0.0,24.595335
2022-11-09 18:00:00+00:00,0.0,23.841164
2022-11-10 18:00:00+00:00,0.0,23.201582
2022-11-11 18:00:00+00:00,0.0,23.36825
2022-11-12 18:00:00+00:00,0.0,22.726585
2022-11-13 18:00:00+00:00,0.0,22.147415
2022-11-14 18:00:00+00:00,0.0,22.26825
2022-11-15 18:00:00+00:00,0.0,22.597414
2022-11-16 18:00:00+00:00,0.0,22.084915
2022-11-17 18:00:00+00:00,0.0,22.066168
2022-11-18 18:00:00+00:00,0.0,21.703669
2022-11-19 18:00:00+00:00,0.0,23.097418
2022-11-20 18:00:00+00:00,0.0,22.662
2022-11-21 18:00:00+00:00,0.0,21.084915
2022-11-22 18:00:00+00:00,0.0,21.493248
2022-11-23 18:00:00+00:00,0.0,21.407835
2022-11-24 18:00:00+00:00,0.0,21.953665
2022-11-25 18:00:00+00:00,0.0,21.803667
2022-11-26 18:00:00+00:00,0.0,21.43075
2022-11-27 18:00:00+00:00,0.0,21.845335
2022-11-28 18:00:00+00:00,0.0,24.11825
2022-11-29 18:00:00+00:00,0.0,24.364082
2022-11-30 18:00:00+00:00,0.0,22.322418
2022-12-01 18:00:00+00:00,0.0,21.564081
2022-12-02 18:00:00+00:00,0.0,20.71617
2022-12-03 18:00:00+00:00,0.0,20.889082
2022-12-04 18:00:00+00:00,0.0,21.043251
2022-12-05 18:00:00+00:00,0.0,20.972416
2022-12-06 18:00:00+00:00,0.0,20.749498
2022-12-07 18:00:00+00:00,0.0,20.822414
2022-12-08 18:00:00+00:00,0.0,20.139084
2022-12-09 18:00:00+00:00,0.0,20.0995
2022-12-10 18:00:00+00:00,0.0,20.772413
2022-12-11 18:00:00+00:00,0.0,20.112001
2022-12-12 18:00:00+00:00,0.0,20.920332
2022-12-13 18:00:00+00:00,0.0,20.843248
2022-12-14 18:00:00+00:00,0.0,19.309916
2022-12-15 18:00:00+00:00,0.0,19.191168
2022-12-16 18:00:00+00:00,0.0,19.887
2022-12-17 18:00:00+00:00,0.0,18.926584
2022-12-18 18:00:00+00:00,0.0,18.682835
2022-12-19 18:00:00+00:00,0.0,19.499498
2022-12-20 18:00:00+00:00,0.0,19.843252
2022-12-21 18:00:00+00:00,0.0,19.6995
2022-12-22 18:00:00+00:00,0.0,18.847414
2022-12-23 18:00:00+00:00,0.0,18.166166
2022-12-24 18:00:00+00:00,0.0,20.039083
2022-12-25 18:00:00+00:00,1.1,21.13075
2022-12-26 18:00:00+00:00,8.2,20.134916
2022-12-27 18:00:00+00:00,0.1,19.014086
2022-12-28 18:00:00+00:00,0.0,16.741167
2022-12-29 18:00:00+00:00,0.0,17.124498
2022-12-30 18:00:00+00:00,0.0,17.50992
2022-12-31 18:00:00+00:00,0.0,17.307833
2023-01-01 18:00:00+00:00,0.0,17.545336
2023-01-02 18:00:00+00:00,0.0,17.264084
2023-01-03 18:00:00+00:00,0.0,17.311998
2023-01-04 18:00:00+00:00,0.0,16.662
2023-01-05 18:00:00+00:00,0.0,16.31825
2023-01-06 18:00:00+00:00,0.0,16.282833
2023-01-07 18:00:00+00:00,0.0,17.66825
2023-01-08 18:00:00+00:00,0.0,18.3245
2023-01-09 18:00:00+00:00,0.0,18.084915
2023-01-10 18:00:00+00:00,0.0,16.695333
2023-01-11 18:00:00+00:00,0.0,15.1245
2023-01-12 18:00:00+00:00,0.0,16.782833
2023-01-13 18:00:00+00:00,0.6,19.228666
2023-01-14 18:00:00+00:00,0.0,19.462
2023-01-15 18:00:00+00:00,0.0,18.189083
2023-01-16 18:00:00+00:00,0.0,17.114082
2023-01-17 18:00:00+00:00,0.0,16.553665
2023-01-18 18:00:00+00:00,0.0,15.739085
2023-01-19 18:00:00+00:00,0.0,15.7161665
2023-01-20 18:00:00+00:00,0.0,16.762
2023-01-21 18:00:00+00:00,0.0,18.297415
2023-01-22 18:00:00+00:00,0.0,19.73075
2023-01-23 18:00:00+00:00,0.0,20.180752
2023-01-24 18:00:00+00:00,0.0,20.441166
2023-01-25 18:00:00+00:00,0.0,21.103666
2023-01-26 18:00:00+00:00,0.0,20.924498
2023-01-27 18:00:00+00:00,0.0,20.818247
2023-01-28 18:00:00+00:00,0.0,19.791166
2023-01-29 18:00:00+00:00,0.0,19.2745
2023-01-30 18:00:00+00:00,0.0,20.370333
2023-01-31 18:00:00+00:00,0.0,20.901585
2023-02-01 18:00:00+00:00,0.0,18.712
2023-02-02 18:00:00+00:00,0.0,18.5995
2023-02-03 18:00:00+00:00,0.0,18.616167
2023-02-04 18:00:00+00:00,0.0,18.537003
2023-02-05 18:00:00+00:00,0.0,19.866167
2023-02-06 18:00:00+00:00,0.0,20.92658
2023-02-07 18:00:00+00:00,0.70000005,21.739084
2023-02-08 18:00:00+00:00,1.4000001,22.08908
2023-02-09 18:00:00+00:00,0.0,21.216166
2023-02-10 18:00:00+00:00,0.0,22.114082
2023-02-11 18:00:00+00:00,0.0,23.374498
2023-02-12 18:00:00+00:00,0.0,20.716164
2023-02-13 18:00:00+00:00,0.0,18.759916
2023-02-14 18:00:00+00:00,0.0,19.137
2023-02-15 18:00:00+00:00,0.0,20.326584
2023-02-16 18:00:00+00:00,0.0,21.553663
2023-02-17 18:00:00+00:00,0.3,23.041168
2023-02-18 18:00:00+00:00,0.1,22.94325
2023-02-19 18:00:00+00:00,0.0,23.178667
2023-02-20 18:00:00+00:00,0.2,24.043251
2023-02-21 18:00:00+00:00,0.0,25.312004
2023-02-22 18:00:00+00:00,0.0,25.180748
2023-02-23 18:00:00+00:00,0.3,24.868248
2023-02-24 18:00:00+00:00,0.0,23.853666
2023-02-25 18:00:00+00:00,0.0,23.447416
2023-02-26 18:00:00+00:00,0.0,24.037
2023-02-27 18:00:00+00:00,0.0,23.64533
2023-02-28 18:00:00+00:00,0.0,23.918251
2023-03-01 18:00:00+00:00,0.0,24.70992
2023-03-02 18:00:00+00:00,0.0,24.447416
2023-03-03 18:00:00+00:00,0.0,25.322416
2023-03-04 18:00:00+00:00,0.0,25.407831
2023-03-05 18:00:00+00:00,0.0,25.657837
2023-03-06 18:00:00+00:00,0.0,26.059916
2023-03-07 18:00:00+00:00,0.0,24.445335
2023-03-08 18:00:00+00:00,0.0,25.264082
2023-03-09 18:00:00+00:00,0.0,25.470331
2023-03-10 18:00:00+00:00,0.1,24.951584
2023-03-11 18:00:00+00:00,0.0,25.986998
2023-03-12 18:00:00+00:00,0.0,26.320333
2023-03-13 18:00:00+00:00,0.0,25.937002
2023-03-14 18:00:00+00:00,1.9,24.584915
2023-03-15 18:00:00+00:00,10.4,23.072418
2023-03-16 18:00:00+00:00,1.1,24.324501
2023-03-17 18:00:00+00:00,0.0,23.707832
2023-03-18 18:00:00+00:00,5.3,22.18283
2023-03-19 18:00:00+00:00,41.599995,21.872416
2023-03-20 18:00:00+00:00,3.6,21.307833
2023-03-21 18:00:00+00:00,9.6,22.05575
2023-03-22 18:00:00+00:00,0.1,23.920332
2023-03-23 18:00:00+00:00,0.2,24.414083
2023-03-24 18:00:00+00:00,2.3000002,24.986994
2023-03-25 18:00:00+00:00,1.5,25.849497
2023-03-26 18:00:00+00:00,3.6,26.114082
2023-03-27 18:00:00+00:00,0.4,26.522415
2023-03-28 18:00:00+00:00,2.6,25.482836
2023-03-29 18:00:00+00:00,9.5,25.5995
2023-03-30 18:00:00+00:00,5.5999994,23.901588
2023-03-31 18:00:00+00:00,9.7,23.157831
2023-04-01 18:00:00+00:00,1.5000001,24.441168
2023-04-02 18:00:00+00:00,0.1,25.407831
2023-04-03 18:00:00+00:00,0.1,26.36825
2023-04-04 18:00:00+00:00,2.2,27.1995
2023-04-05 18:00:00+00:00,0.0,26.893255
2023-04-06 18:00:00+00:00,0.0,27.647413
2023-04-07 18:00:00+00:00,0.0,28.637001
2023-04-08 18:00:00+00:00,0.0,29.728668
2023-04-09 18:00:00+00:00,0.0,29.422417
2023-04-10 18:00:00+00:00,0.0,29.90992
2023-04-11 18:00:00+00:00,0.0,29.228662
2023-04-12 18:00:00+00:00,0.0,30.22658
2023-04-13 18:00:00+00:00,0.0,31.203665
2023-04-14 18:00:00+00:00,0.0,31.88283
2023-04-15 18:00:00+00:00,0.0,32.20367
2023-04-16 18:00:00+00:00,7.1,30.72241
2023-04-17 18:00:00+00:00,9.6,30.53492
2023-04-18 18:00:00+00:00,0.0,30.912
2023-04-19 18:00:00+00:00,8.3,29.587004
2023-04-20 18:00:00+00:00,17.5,27.509918
2023-04-21 18:00:00+00:00,13.2,26.55575
2023-04-22 18:00:00+00:00,0.1,26.628664
2023-04-23 18:00:00+00:00,0.0,26.389084
2023-04-24 18:00:00+00:00,0.0,27.645332
2023-04-25 18:00:00+00:00,0.0,29.576578
2023-04-26 18:00:00+00:00,0.2,29.318247
2023-04-27 18:00:00+00:00,0.5,28.530748
2023-04-28 18:00:00+00:00,0.4,29.00575
2023-04-29 18:00:00+00:00,0.4,28.776583
2023-04-30 18:00:00+00:00,2.0,27.818247
2023-05-01 18:00:00+00:00,0.0,28.793251
2023-05-02 18:00:00+00:00,1.6,28.126581
2023-05-03 18:00:00+00:00,21.900003,27.095331
2023-05-04 18:00:00+00:00,3.8,27.25575
2023-05-05 18:00:00+00:00,0.1,28.855753
2023-05-06 18:00:00+00:00,0.0,30.274496
2023-05-07 18:00:00+00:00,0.0,31.586998
2023-05-08 18:00:00+00:00,0.0,32.05991
2023-05-09 18:00:00+00:00,5.2,31.201582
2023-05-10 18:00:00+00:00,0.0,32.472416
2023-05-11 18:00:00+00:00,0.0,31.774496
2023-05-12 18:00:00+00:00,0.0,31.428665
2023-05-13 18:00:00+00:00,0.0,28.228666
2023-05-14 18:00:00+00:00,6.6,27.972414
2023-05-15 18:00:00+00:00,14.099999,29.809916
2023-05-16 18:00:00+00:00,46.8,28.422417
2023-05-17 18:00:00+00:00,2.0,27.887
2023-05-18 18:00:00+00:00,4.3,28.5995
2023-05-19 18:00:00+00:00,7.7,28.764084
2023-05-20 18:00:00+00:00,15.7,28.347418
2023-05-21 18:00:00+00:00,10.0,29.632833
2023-05-22 18:00:00+00:00,19.500002,27.60575
2023-05-23 18:00:00+00:00,7.2,27.247421
2023-05-24 18:00:00+00:00,4.6,27.576584
2023-05-25 18:00:00+00:00,1.3000001,27.870333
2023-05-26 18:00:00+00:00,10.7,26.695333
2023-05-27 18:00:00+00:00,0.0,28.13075
2023-05-28 18:00:00+00:00,0.0,29.332834
2023-05-29 18:00:00+00:00,0.0,30.507833
2023-05-30 18:00:00+00:00,0.2,31.447418
2023-05-31 18:00:00+00:00,2.7,31.418251
2023-06-01 18:00:00+00:00,0.1,32.193245
2023-06-02 18:00:00+00:00,1.2,31.603666
2023-06-03 18:00:00+00:00,2.0,32.04742
2023-06-04 18:00:00+00:00,0.0,33.049496
2023-06-05 18:00:00+00:00,0.1,33.778667
2023-06-06 18:00:00+00:00,6.5000005,31.820335
2023-06-07 18:00:00+00:00,1.4000001,30.068247
2023-06-08 18:00:00+00:00,15.1,29.024498
2023-06-09 18:00:00+00:00,3.3999999,28.486998
2023-06-10 18:00:00+00:00,0.6,29.10575
2023-06-11 18:00:00+00:00,0.3,29.826584
2023-06-12 18:00:00+00:00,10.7,30.378664
2023-06-13 18:00:00+00:00,3.8000002,30.887001
2023-06-14 18:00:00+00:00,20.5,31.170334
2023-06-15 18:00:00+00:00,56.2,31.107834
2023-06-16 18:00:00+00:00,7.7,31.055748
2023-06-17 18:00:00+00:00,10.6,29.520332
2023-06-18 18:00:00+00:00,7.3999996,29.743246
2023-06-19 18:00:00+00:00,5.4,29.486998
2023-06-20 18:00:00+00:00,19.2,29.228668
2023-06-21 18:00:00+00:00,7.6,29.028666
2023-06-22 18:00:00+00:00,7.7,28.399498
2023-06-23 18:00:00+00:00,1.2000002,29.245337
2023-06-24 18:00:00+00:00,3.2,29.032831
2023-06-25 18:00:00+00:00,8.300001,28.118248
2023-06-26 18:00:00+00:00,34.1,26.35158
2023-06-27 18:00:00+00:00,28.100004,26.891165
2023-06-28 18:00:00+00:00,40.899998,26.891172
2023-06-29 18:00:00+00:00,24.1,27.816164
2023-06-30 18:00:00+00:00,29.800001,27.80992
2023-07-01 18:00:00+00:00,9.1,28.578665
2023-07-02 18:00:00+00:00,5.8999996,28.980745
2023-07-03 18:00:00+00:00,0.8000001,29.870333
2023-07-04 18:00:00+00:00,12.2,29.00575
2023-07-05 18:00:00+00:00,4.6,28.597414
2023-07-06 18:00:00+00:00,7.9999995,28.249498
2023-07-07 18:00:00+00:00,8.1,28.768248
2023-07-08 18:00:00+00:00,11.299999,28.920334
2023-07-09 18:00:00+00:00,5.5,28.830748
2023-07-10 18:00:00+00:00,3.5999997,28.924501
2023-07-11 18:00:00+00:00,2.3,28.809914
2023-07-12 18:00:00+00:00,4.1,28.555748
2023-07-13 18:00:00+00:00,2.7,28.347414
2023-07-14 18:00:00+00:00,1.2000002,28.44533
2023-07-15 18:00:00+00:00,2.0,28.605751
2023-07-16 18:00:00+00:00,5.3,28.109917
2023-07-17 18:00:00+00:00,6.2,29.503668
2023-07-18 18:00:00+00:00,0.5,29.953669
2023-07-19 18:00:00+00:00,0.9000001,30.280745
2023-07-20 18:00:00+00:00,9.200001,29.822418
2023-07-21 18:00:00+00:00,1.7000002,30.203667
2023-07-22 18:00:00+00:00,0.3,30.512001
2023-07-23 18:00:00+00:00,0.3,30.593252
2023-07-24 18:00:00+00:00,0.8,30.620337
2023-07-25 18:00:00+00:00,9.400001,29.451582
2023-07-26 18:00:00+00:00,4.7,29.391161
2023-07-27 18:00:00+00:00,1.6,29.797417
2023-07-28 18:00:00+00:00,2.8000002,29.711996
2023-07-29 18:00:00+00:00,1.1,30.78283
2023-07-30 18:00:00+00:00,20.499998,30.853666
2023-07-31 18:00:00+00:00,14.9,29.764084
2023-08-01 18:00:00+00:00,7.3999996,28.505747
2023-08-02 18:00:00+00:00,14.700001,27.878662
2023-08-03 18:00:00+00:00,14.500001,28.203665
2023-08-04 18:00:00+00:00,7.0999994,28.770334
2023-08-05 18:00:00+00:00,25.000002,27.424501
2023-08-06 18:00:00+00:00,55.599995,26.447418
2023-08-07 18:00:00+00:00,24.900002,27.0995
2023-08-08 18:00:00+00:00,0.4,28.443254
2023-08-09 18:00:00+00:00,1.0,28.703665
2023-08-10 18:00:00+00:00,19.800003,28.43075
2023-08-11 18:00:00+00:00,18.400002,27.826584
2023-08-12 18:00:00+00:00,14.800003,27.703667
2023-08-13 18:00:00+00:00,4.8999996,28.237001
2023-08-14 18:00:00+00:00,1.3000001,29.134912
2023-08-15 18:00:00+00:00,27.7,28.78492
2023-08-16 18:00:00+00:00,1.8000001,29.83075
2023-08-17 18:00:00+00:00,1.8,29.374496
2023-08-18 18:00:00+00:00,1.5000001,29.141167
2023-08-19 18:00:00+00:00,0.4,29.366167
2023-08-20 18:00:00+00:00,0.2,29.987001
2023-08-21 18:00:00+00:00,2.3999999,28.374496
2023-08-22 18:00:00+00:00,9.4,27.653664
2023-08-23 18:00:00+00:00,10.500002,27.582834
2023-08-24 18:00:00+00:00,34.6,26.866167
2023-08-25 18:00:00+00:00,11.000001,27.995333
2023-08-26 18:00:00+00:00,18.200003,28.084913
2023-08-27 18:00:00+00:00,1.2,28.657835
2023-08-28 18:00:00+00:00,0.5,29.31617
2023-08-29 18:00:00+00:00,0.0,30.66825
2023-08-30 18:00:00+00:00,1.2,29.887
2023-08-31 18:00:00+00:00,1.7,29.549494
2023-09-01 18:00:00+00:00,2.1,29.262
2023-09-02 18:00:00+00:00,3.8,29.151583
2023-09-03 18:00:00+00:00,1.1,29.228666
2023-09-04 18:00:00+00:00,4.2999997,30.099504
2023-09-05 18:00:00+00:00,2.8,29.689087
2023-09-06 18:00:00+00:00,5.5000005,28.376581
2023-09-07 18:00:00+00:00,24.000004,27.21408
2023-09-08 18:00:00+00:00,0.5,29.082832
2023-09-09 18:00:00+00:00,7.1000004,29.56617
2023-09-10 18:00:00+00:00,16.6,29.203672
2023-09-11 18:00:00+00:00,13.999999,28.1495
2023-09-12 18:00:00+00:00,4.7999997,28.872416
2023-09-13 18:00:00+00:00,5.7999997,28.222414
2023-09-14 18:00:00+00:00,6.7,28.441162
2023-09-15 18:00:00+00:00,0.0,29.372414
2023-09-16 18:00:00+00:00,7.0,29.968246
2023-09-17 18:00:00+00:00,4.0,27.81408
2023-09-18 18:00:00+00:00,14.100001,26.841164
2023-09-19 18:00:00+00:00,17.1,27.068253
2023-09-20 18:00:00+00:00,11.9,27.214083
2023-09-21 18:00:00+00:00,17.900002,27.21408
2023-09-22 18:00:00+00:00,14.5,27.468248
2023-09-23 18:00:00+00:00,1.7,27.989082
2023-09-24 18:00:00+00:00,8.9,27.66408
2023-09-25 18:00:00+00:00,0.0,29.222418
2023-09-26 18:00:00+00:00,0.2,29.809916
2023-09-27 18:00:00+00:00,0.0,30.570333
2023-09-28 18:00:00+00:00,21.099998,29.497416
2023-09-29 18:00:00+00:00,28.2,27.578667
2023-09-30 18:00:00+00:00,1.5000001,28.274498
2023-10-01 18:00:00+00:00,2.7,27.947412
2023-10-02 18:00:00+00:00,7.1,27.295332
2023-10-03 18:00:00+00:00,29.500002,26.414085
2023-10-04 18:00:00+00:00,50.199997,26.341166
2023-10-05 18:00:00+00:00,48.399994,26.580748
2023-10-06 18:00:00+00:00,40.49999,26.682833
2023-10-07 18:00:00+00:00,0.3,27.461998
2023-10-08 18:00:00+00:00,2.3999996,27.499496
2023-10-09 18:00:00+00:00,0.4,27.89325
2023-10-10 18:00:00+00:00,0.3,28.42658
2023-10-11 18:00:00+00:00,4.4,27.734917
2023-10-12 18:00:00+00:00,0.0,27.686998
2023-10-13 18:00:00+00:00,0.0,27.11825
2023-10-14 18:00:00+00:00,0.0,27.101583
2023-10-15 18:00:00+00:00,0.0,27.48075
2023-10-16 18:00:00+00:00,0.0,27.31825
2023-10-17 18:00:00+00:00,0.0,26.680748
2023-10-18 18:00:00+00:00,0.0,26.578665
2023-10-19 18:00:00+00:00,0.0,26.257833
2023-10-20 18:00:00+00:00,0.0,26.082832
2023-10-21 18:00:00+00:00,0.0,26.628668
2023-10-22 18:00:00+00:00,4.3999996,26.416162
2023-10-23 18:00:00+00:00,0.0,25.63075
2023-10-24 18:00:00+00:00,0.0,26.787
2023-10-25 18:00:00+00:00,0.5,26.36825
2023-10-26 18:00:00+00:00,0.0,25.955751
2023-10-27 18:00:00+00:00,0.0,25.399496
2023-10-28 18:00:00+00:00,0.0,24.93075
2023-10-29 18:00:00+00:00,0.0,25.784918
2023-10-30 18:00:00+00:00,0.0,26.897415
2023-10-31 18:00:00+00:00,0.0,27.441164
2023-11-01 18:00:00+00:00,0.0,27.018248
2023-11-02 18:00:00+00:00,0.0,26.393255
2023-11-03 18:00:00+00:00,0.1,26.118248
2023-11-04 18:00:00+00:00,0.0,26.014078
2023-11-05 18:00:00+00:00,0.0,25.009916
2023-11-06 18:00:00+00:00,0.0,23.909914
2023-11-07 18:00:00+00:00,0.0,24.026583
2023-11-08 18:00:00+00:00,0.0,23.805748
2023-11-09 18:00:00+00:00,0.0,23.747416
2023-11-10 18:00:00+00:00,0.0,23.780752
2023-11-11 18:00:00+00:00,0.0,23.855751
2023-11-12 18:00:00+00:00,0.0,24.007835
2023-11-13 18:00:00+00:00,0.0,24.166168
2023-11-14 18:00:00+00:00,0.0,24.984915
2023-11-15 18:00:00+00:00,4.3,24.253668
2023-11-16 18:00:00+00:00,62.199997,22.016167
2023-11-17 18:00:00+00:00,0.0,22.753664
2023-11-18 18:00:00+00:00,0.1,23.503668
2023-11-19 18:00:00+00:00,0.0,23.691168
2023-11-20 18:00:00+00:00,0.0,23.586998
2023-11-21 18:00:00+00:00,0.0,22.2745
2023-11-22 18:00:00+00:00,0.0,21.320332
2023-11-23 18:00:00+00:00,0.0,22.047417
2023-11-24 18:00:00+00:00,0.0,22.03908
2023-11-25 18:00:00+00:00,0.0,22.04325
2023-11-26 18:00:00+00:00,0.0,22.857832
2023-11-27 18:00:00+00:00,0.0,24.197416
2023-11-28 18:00:00+00:00,0.0,23.689081
2023-11-29 18:00:00+00:00,0.0,22.603666
2023-11-30 18:00:00+00:00,0.0,22.389082
2023-12-01 18:00:00+00:00,0.0,22.612
2023-12-02 18:00:00+00:00,0.0,22.632833
2023-12-03 18:00:00+00:00,0.0,22.157831
2023-12-04 18:00:00+00:00,1.2,22.126581
2023-12-05 18:00:00+00:00,2.3,22.678667
2023-12-06 18:00:00+00:00,37.2,20.247416
2023-12-07 18:00:00+00:00,1.3000001,20.991163
2023-12-08 18:00:00+00:00,0.0,20.545334
2023-12-09 18:00:00+00:00,0.0,19.561998
2023-12-10 18:00:00+00:00,0.0,18.745333
2023-12-11 18:00:00+00:00,0.0,19.49325
2023-12-12 18:00:00+00:00,0.0,18.982832
2023-12-13 18:00:00+00:00,0.0,17.48075
2023-12-14 18:00:00+00:00,0.0,17.639082
2023-12-15 18:00:00+00:00,0.0,18.301584
2023-12-16 18:00:00+00:00,0.0,18.174501
2023-12-17 18:00:00+00:00,0.0,18.16825
2023-12-18 18:00:00+00:00,0.0,18.476583
2023-12-19 18:00:00+00:00,0.0,18.614084
2023-12-20 18:00:00+00:00,0.0,19.062
2023-12-21 18:00:00+00:00,0.0,20.307833
2023-12-22 18:00:00+00:00,0.1,19.795334
2023-12-23 18:00:00+00:00,0.0,19.728668
2023-12-24 18:00:00+00:00,0.0,20.678663
2023-12-25 18:00:00+00:00,0.0,19.489082
2023-12-26 18:00:00+00:00,0.0,19.807833
2023-12-27 18:00:00+00:00,0.0,20.061998
2023-12-28 18:00:00+00:00,0.0,20.026583
2023-12-29 18:00:00+00:00,0.0,20.099499
2023-12-30 18:00:00+00:00,0.0,19.88075
2023-12-31 18:00:00+00:00,0.0,19.153667
2024-01-01 18:00:00+00:00,0.0,18.007833
2024-01-02 18:00:00+00:00,0.0,17.807833
2024-01-03 18:00:00+00:00,0.0,17.514082
2024-01-04 18:00:00+00:00,0.0,17.81825
2024-01-05 18:00:00+00:00,0.0,18.16825
2024-01-06 18:00:00+00:00,0.0,18.441168
2024-01-07 18:00:00+00:00,0.0,18.6495
2024-01-08 18:00:00+00:00,0.0,17.61825
2024-01-09 18:00:00+00:00,0.0,16.939081
2024-01-10 18:00:00+00:00,0.0,16.497417
2024-01-11 18:00:00+00:00,0.0,15.351584
2024-01-12 18:00:00+00:00,0.0,15.861999
2024-01-13 18:00:00+00:00,0.0,15.118249
2024-01-14 18:00:00+00:00,0.0,15.159917
2024-01-15 18:00:00+00:00,0.0,14.251582
2024-01-16 18:00:00+00:00,0.0,14.762
2024-01-17 18:00:00+00:00,0.0,16.18075
2024-01-18 18:00:00+00:00,0.1,17.397417
2024-01-19 18:00:00+00:00,0.0,16.682833
2024-01-20 18:00:00+00:00,0.0,16.44325
2024-01-21 18:00:00+00:00,0.0,14.266166
2024-01-22 18:00:00+00:00,0.0,14.678666
2024-01-23 18:00:00+00:00,0.4,16.645334
2024-01-24 18:00:00+00:00,0.0,17.395332
2024-01-25 18:00:00+00:00,0.0,16.79325
2024-01-26 18:00:00+00:00,0.0,15.941165
2024-01-27 18:00:00+00:00,0.0,15.94325
2024-01-28 18:00:00+00:00,0.0,16.203665
2024-01-29 18:00:00+00:00,0.6,18.35575
2024-01-30 18:00:00+00:00,0.2,19.328665
2024-01-31 18:00:00+00:00,2.6,19.955748
2024-02-01 18:00:00+00:00,0.2,19.953665
2024-02-02 18:00:00+00:00,0.0,19.057833
2024-02-03 18:00:00+00:00,0.0,18.495335
2024-02-04 18:00:00+00:00,0.0,19.966166
2024-02-05 18:00:00+00:00,0.7,19.757832
2024-02-06 18:00:00+00:00,0.0,19.828665
2024-02-07 18:00:00+00:00,0.0,17.384916
2024-02-08 18:00:00+00:00,0.0,16.953667
2024-02-09 18:00:00+00:00,0.0,18.409914
2024-02-10 18:00:00+00:00,0.0,19.553667
2024-02-11 18:00:00+00:00,0.0,20.109919
2024-02-12 18:00:00+00:00,0.0,20.514082
2024-02-13 18:00:00+00:00,0.0,21.714083
2024-02-14 18:00:00+00:00,0.6,22.245333
2024-02-15 18:00:00+00:00,0.0,22.047415
2024-02-16 18:00:00+00:00,0.0,20.866165
2024-02-17 18:00:00+00:00,0.0,21.668251
2024-02-18 18:00:00+00:00,0.0,21.870333
2024-02-19 18:00:00+00:00,0.2,22.65783
2024-02-20 18:00:00+00:00,0.0,24.29325
2024-02-21 18:00:00+00:00,3.9999998,23.120337
2024-02-22 18:00:00+00:00,6.5,21.037
2024-02-23 18:00:00+00:00,0.0,21.705748
2024-02-24 18:00:00+00:00,1.7,21.078667
2024-02-25 18:00:00+00:00,0.0,20.782835
2024-02-26 18:00:00+00:00,0.0,21.376581
2024-02-27 18:00:00+00:00,0.0,22.061998
2024-02-28 18:00:00+00:00,0.0,22.89533
2024-02-29 18:00:00+00:00,0.0,22.364082
2024-03-01 18:00:00+00:00,0.0,22.4745
2024-03-02 18:00:00+00:00,0.0,24.003664
2024-03-03 18:00:00+00:00,1.5,23.434914
2024-03-04 18:00:00+00:00,0.0,24.847418
2024-03-05 18:00:00+00:00,0.0,22.353668
2024-03-06 18:00:00+00:00,0.0,22.372416
2024-03-07 18:00:00+00:00,0.0,22.828667
2024-03-08 18:00:00+00:00,0.0,22.88075
2024-03-09 18:00:00+00:00,0.0,23.197418
2024-03-10 18:00:00+00:00,0.0,23.311998
2024-03-11 18:00:00+00:00,0.0,25.011995
2024-03-12 18:00:00+00:00,0.0,26.834917
2024-03-13 18:00:00+00:00,1.0,25.509916
2024-03-14 18:00:00+00:00,0.1,26.441164
2024-03-15 18:00:00+00:00,0.4,26.55992
2024-03-16 18:00:00+00:00,0.0,26.951584
2024-03-17 18:00:00+00:00,0.0,27.470331
2024-03-18 18:00:00+00:00,4.5,25.984917
2024-03-19 18:00:00+00:00,2.4999998,23.928667
2024-03-20 18:00:00+00:00,10.4,21.909914
2024-03-21 18:00:00+00:00,0.3,22.295332
2024-03-22 18:00:00+00:00,0.0,24.76825
2024-03-23 18:00:00+00:00,0.6,25.39325
2024-03-24 18:00:00+00:00,4.2000003,25.266167
2024-03-25 18:00:00+00:00,0.0,26.08283
2024-03-26 18:00:00+00:00,22.0,25.603666
2024-03-27 18:00:00+00:00,11.0,25.070333
2024-03-28 18:00:00+00:00,0.5,26.339087
2024-03-29 18:00:00+00:00,6.0999994,26.905752
2024-03-30 18:00:00+00:00,0.7,27.85575
2024-03-31 18:00:00+00:00,0.0,29.472414
2024-04-01 18:00:00+00:00,0.0,29.672415
2024-04-02 18:00:00+00:00,0.1,30.05158
2024-04-03 18:00:00+00:00,0.0,30.22242
2024-04-04 18:00:00+00:00,0.3,30.24742
2024-04-05 18:00:00+00:00,0.0,31.37242
2024-04-06 18:00:00+00:00,1.9,29.743248
2024-04-07 18:00:00+00:00,0.1,27.991165
2024-04-08 18:00:00+00:00,0.0,28.280748
2024-04-09 18:00:00+00:00,0.0,29.032837
2024-04-10 18:00:00+00:00,0.0,27.5495
2024-04-11 18:00:00+00:00,0.1,29.53908
2024-04-12 18:00:00+00:00,0.1,29.047417
2024-04-13 18:00:00+00:00,0.8,28.697416
2024-04-14 18:00:00+00:00,0.1,30.547415
2024-04-15 18:00:00+00:00,0.6,30.04325
2024-04-16 18:00:00+00:00,1.5,30.29117
2024-04-17 18:00:00+00:00,0.0,30.086998
2024-04-18 18:00:00+00:00,0.0,31.570333
2024-04-19 18:00:00+00:00,0.0,32.178665
2024-04-20 18:00:00+00:00,0.0,32.032833
2024-04-21 18:00:00+00:00,0.0,31.905748
2024-04-22 18:00:00+00:00,0.0,31.624496
2024-04-23 18:00:00+00:00,0.0,32.159916
2024-04-24 18:00:00+00:00,0.0,32.19533
2024-04-25 18:00:00+00:00,0.0,32.128666
2024-04-26 18:00:00+00:00,0.1,32.370335
2024-04-27 18:00:00+00:00,1.4,32.543247
2024-04-28 18:00:00+00:00,0.0,33.609917
2024-04-29 18:00:00+00:00,0.0,33.122417
2024-04-30 18:00:00+00:00,0.0,33.391163
2024-05-01 18:00:00+00:00,8.4,29.639086
2024-05-02 18:00:00+00:00,0.0,30.75992
2024-05-03 18:00:00+00:00,1.4,31.272417
2024-05-04 18:00:00+00:00,18.4,27.734917
2024-05-05 18:00:00+00:00,9.699999,25.634918
2024-05-06 18:00:00+00:00,0.1,27.353666
2024-05-07 18:00:00+00:00,8.7,25.853666
2024-05-08 18:00:00+00:00,0.7,27.626581
2024-05-09 18:00:00+00:00,1.8000001,27.620333
2024-05-10 18:00:00+00:00,1.1,27.666166
2024-05-11 18:00:00+00:00,0.8,28.751581
2024-05-12 18:00:00+00:00,0.0,29.826584
2024-05-13 18:00:00+00:00,0.8,30.759918
2024-05-14 18:00:00+00:00,0.0,32.21408
2024-05-15 18:00:00+00:00,0.0,32.91617
2024-05-16 18:00:00+00:00,0.0,33.543247
2024-05-17 18:00:00+00:00,2.8,32.120335
2024-05-18 18:00:00+00:00,0.5,29.91408
2024-05-19 18:00:00+00:00,5.3,28.482834
2024-05-20 18:00:00+00:00,3.6,29.482834
2024-05-21 18:00:00+00:00,0.1,29.857832
2024-05-22 18:00:00+00:00,0.0,31.397417
2024-05-23 18:00:00+00:00,0.0,32.422417
2024-05-24 18:00:00+00:00,0.4,33.16408
2024-05-25 18:00:00+00:00,8.0,30.372416
2024-05-26 18:00:00+00:00,174.69998,26.682833
2024-05-27 18:00:00+00:00,21.5,28.343246
2024-05-28 18:00:00+00:00,1.0,31.5995
2024-05-29 18:00:00+00:00,7.6,30.591164
2024-05-30 18:00:00+00:00,0.3,31.030748
2024-05-31 18:00:00+00:00,0.90000004,30.036997
2024-06-01 18:00:00+00:00,1.4000001,30.045334
2024-06-02 18:00:00+00:00,6.2,29.393248
2024-06-03 18:00:00+00:00,7.2999997,29.305748
2024-06-04 18:00:00+00:00,2.3,30.0495
2024-06-05 18:00:00+00:00,32.299995,29.391169
2024-06-06 18:00:00+00:00,9.3,29.826582
2024-06-07 18:00:00+00:00,13.800001,30.307833
2024-06-08 18:00:00+00:00,2.6,30.407835
2024-06-09 18:00:00+00:00,0.1,31.516165
2024-06-10 18:00:00+00:00,0.2,31.249498
2024-06-11 18:00:00+00:00,3.1,30.374498
2024-06-12 18:00:00+00:00,3.4999998,29.789083
2024-06-13 18:00:00+00:00,4.3999996,29.674498
2024-06-14 18:00:00+00:00,0.1,30.924501
2024-06-15 18:00:00+00:00,9.6,30.001585
2024-06-16 18:00:00+00:00,2.8,30.320337
2024-06-17 18:00:00+00:00,24.5,29.053673
2024-06-18 18:00:00+00:00,31.5,27.753668
2024-06-19 18:00:00+00:00,8.900001,28.239084
2024-06-20 18:00:00+00:00,6.4,28.947412
2024-06-21 18:00:00+00:00,7.6,29.19533
2024-06-22 18:00:00+00:00,1.5000001,29.630747
2024-06-23 18:00:00+00:00,1.5000001,29.99742
2024-06-24 18:00:00+00:00,4.4,30.030746
2024-06-25 18:00:00+00:00,25.100002,29.266167
2024-06-26 18:00:00+00:00,6.2,29.2995
2024-06-27 18:00:00+00:00,11.0,28.672417
2024-06-28 18:00:00+00:00,13.599998,28.718248
2024-06-29 18:00:00+00:00,14.800001,27.814085
2024-06-30 18:00:00+00:00,27.7,27.095335
2024-07-01 18:00:00+00:00,27.399998,27.222418
2024-07-02 18:00:00+00:00,8.7,27.482834
2024-07-03 18:00:00+00:00,14.1,27.393251
2024-07-04 18:00:00+00:00,11.0,27.920334
2024-07-05 18:00:00+00:00,2.8999999,28.461998
2024-07-06 18:00:00+00:00,3.5,28.982836
2024-07-07 18:00:00+00:00,0.70000005,28.89116
2024-07-08 18:00:00+00:00,3.8,28.616163
2024-07-09 18:00:00+00:00,5.0,28.62033
2024-07-10 18:00:00+00:00,20.9,28.4745
2024-07-11 18:00:00+00:00,4.6,27.726583
2024-07-12 18:00:00+00:00,1.4000001,28.97658
2024-07-13 18:00:00+00:00,1.0,29.382835
2024-07-14 18:00:00+00:00,2.0,29.832834
2024-07-15 18:00:00+00:00,2.6,29.197412
2024-07-16 18:00:00+00:00,1.1,29.966166
2024-07-17 18:00:00+00:00,1.1,30.412003
2024-07-18 18:00:00+00:00,0.6,30.141165
2024-07-19 18:00:00+00:00,1.7,29.718248
2024-07-20 18:00:00+00:00,3.7999997,29.0495
2024-07-21 18:00:00+00:00,17.700003,27.791168
2024-07-22 18:00:00+00:00,2.6999998,28.811998
2024-07-23 18:00:00+00:00,4.5,29.030752
2024-07-24 18:00:00+00:00,1.4000001,29.50575
2024-07-25 18:00:00+00:00,2.1999998,29.709913
2024-07-26 18:00:00+00:00,1.1,29.65783
2024-07-27 18:00:00+00:00,1.2,29.816162
2024-07-28 18:00:00+00:00,1.7,29.489084
2024-07-29 18:00:00+00:00,15.699999,28.880747
2024-07-30 18:00:00+00:00,8.900002,28.382835
2024-07-31 18:00:00+00:00,46.899994,26.618246
2024-08-01 18:00:00+00:00,66.4,25.805748
2024-08-02 18:00:00+00:00,24.999998,26.85366
2024-08-03 18:00:00+00:00,8.800002,27.422417
2024-08-04 18:00:00+00:00,11.599999,28.234919
2024-08-05 18:00:00+00:00,5.1999993,28.1745
2024-08-06 18:00:00+00:00,10.200001,27.872416
2024-08-07 18:00:00+00:00,3.6999998,27.491163
2024-08-08 18:00:00+00:00,25.800003,27.087004
2024-08-09 18:00:00+00:00,5.1,27.616165
2024-08-10 18:00:00+00:00,4.2999997,27.741165
2024-08-11 18:00:00+00:00,5.0999994,28.045336
2024-08-12 18:00:00+00:00,12.700002,28.637
2024-08-13 18:00:00+00:00,11.1,28.889086
2024-08-14 18:00:00+00:00,2.5,28.864082
2024-08-15 18:00:00+00:00,1.6000001,28.095335
2024-08-16 18:00:00+00:00,6.0,27.491165
2024-08-17 18:00:00+00:00,8.1,27.172417
2024-08-18 18:00:00+00:00,41.8,25.68283
2024-08-19 18:00:00+00:00,23.9,26.491165
2024-08-20 18:00:00+00:00,50.1,26.27658
2024-08-21 18:00:00+00:00,22.400003,26.445333
2024-08-22 18:00:00+00:00,16.400002,26.678665
2024-08-23 18:00:00+00:00,9.2,27.564081
2024-08-24 18:00:00+00:00,21.600002,26.326582
2024-08-25 18:00:00+00:00,5.7,26.187002
2024-08-26 18:00:00+00:00,9.5,27.080751
2024-08-27 18:00:00+00:00,6.7999997,27.922415
2024-08-28 18:00:00+00:00,0.2,28.997416
2024-08-29 18:00:00+00:00,8.0,29.42658
2024-08-30 18:00:00+00:00,1.5,29.189085
2024-08-31 18:00:00+00:00,8.2,28.00367
2024-09-01 18:00:00+00:00,3.6,28.739082
2024-09-02 18:00:00+00:00,11.900001,27.930748
2024-09-03 18:00:00+00:00,2.8000002,28.789083
2024-09-04 18:00:00+00:00,6.6,28.664083
2024-09-05 18:00:00+00:00,7.899999,29.016167
2024-09-06 18:00:00+00:00,3.7999997,29.270334
2024-09-07 18:00:00+00:00,4.0999994,29.353668
2024-09-08 18:00:00+00:00,1.2,29.334917
2024-09-09 18:00:00+00:00,0.70000005,28.524498
2024-09-10 18:00:00+00:00,3.7,28.94533
2024-09-11 18:00:00+00:00,11.6,29.830751
2024-09-12 18:00:00+00:00,3.2999997,29.289085
2024-09-13 18:00:00+00:00,56.999996,25.75158
2024-09-14 18:00:00+00:00,41.4,25.514086
2024-09-15 18:00:00+00:00,15.900002,27.30575
2024-09-16 18:00:00+00:00,0.1,28.632833
2024-09-17 18:00:00+00:00,0.0,29.834917
2024-09-18 18:00:00+00:00,1.8000001,30.509916
2024-09-19 18:00:00+00:00,0.0,31.14533
2024-09-20 18:00:00+00:00,7.6,30.720337
2024-09-21 18:00:00+00:00,0.0,30.772413
2024-09-22 18:00:00+00:00,2.6,30.6495
2024-09-23 18:00:00+00:00,8.9,28.455755
2024-09-24 18:00:00+00:00,32.899998,26.087004
2024-09-25 18:00:00+00:00,20.000002,26.303667
2024-09-26 18:00:00+00:00,4.7999997,27.22658
2024-09-27 18:00:00+00:00,4.9,27.687002
2024-09-28 18:00:00+00:00,2.3,28.20575
2024-09-29 18:00:00+00:00,2.0,28.847414
2024-09-30 18:00:00+00:00,5.6,28.426584
2024-10-01 18:00:00+00:00,21.8,27.6745
2024-10-02 18:00:00+00:00,67.299995,25.780748
2024-10-03 18:00:00+00:00,33.999996,26.422417
2024-10-04 18:00:00+00:00,66.0,25.31825
2024-10-05 18:00:00+00:00,2.3999999,27.266165
2024-10-06 18:00:00+00:00,3.9999998,26.99742
2024-10-07 18:00:00+00:00,6.0,27.345335
2024-10-08 18:00:00+00:00,14.299998,26.80575
2024-10-09 18:00:00+00:00,6.0,26.534918
2024-10-10 18:00:00+00:00,12.0,27.162
2024-10-11 18:00:00+00:00,7.199999,27.0495
2024-10-12 18:00:00+00:00,0.0,27.791166
2024-10-13 18:00:00+00:00,0.0,27.4745
2024-10-14 18:00:00+00:00,0.7,27.291166
2024-10-15 18:00:00+00:00,0.2,27.889082
2024-10-16 18:00:00+00:00,5.2,26.959915
2024-10-17 18:00:00+00:00,13.300001,25.870333
2024-10-18 18:00:00+00:00,13.200001,26.50158
2024-10-19 18:00:00+00:00,0.0,26.195333
2024-10-20 18:00:00+00:00,0.0,26.232828
2024-10-21 18:00:00+00:00,0.0,27.707832
2024-10-22 18:00:00+00:00,5.9,26.707834
2024-10-23 18:00:00+00:00,7.8999996,25.220335
2024-10-24 18:00:00+00:00,11.599999,26.124496
2024-10-25 18:00:00+00:00,7.6000004,26.172415
2024-10-26 18:00:00+00:00,0.0,27.24742
2024-10-27 18:00:00+00:00,0.0,27.078667
2024-10-28 18:00:00+00:00,0.0,27.374498
2024-10-29 18:00:00+00:00,0.8,27.270332
2024-10-30 18:00:00+00:00,1.7,26.753668
2024-10-31 18:00:00+00:00,0.0,27.153671
2024-11-01 18:00:00+00:00,0.0,26.25783
2024-11-02 18:00:00+00:00,0.0,26.20575
2024-11-03 18:00:00+00:00,0.0,25.9495
2024-11-04 18:00:00+00:00,0.5,26.030748
2024-11-05 18:00:00+00:00,1.8999999,24.987
2024-11-06 18:00:00+00:00,0.0,25.2245
2024-11-07 18:00:00+00:00,0.0,25.25783
2024-11-08 18:00:00+00:00,0.0,24.593248
2024-11-09 18:00:00+00:00,0.0,24.7745
2024-11-10 18:00:00+00:00,0.0,25.509918
2024-11-11 18:00:00+00:00,0.0,25.626587
2024-11-12 18:00:00+00:00,0.0,25.701584
2024-11-13 18:00:00+00:00,0.0,25.276583
2024-11-14 18:00:00+00:00,0.0,24.714083
2024-11-15 18:00:00+00:00,0.0,23.889082
2024-11-16 18:00:00+00:00,0.0,23.030748
2024-11-17 18:00:00+00:00,0.0,22.641167
2024-11-18 18:00:00+00:00,0.0,22.95575
2024-11-19 18:00:00+00:00,0.0,22.776579
2024-11-20 18:00:00+00:00,0.0,22.659918
2024-11-21 18:00:00+00:00,0.0,23.4245
2024-11-22 18:00:00+00:00,0.0,23.291166
2024-11-23 18:00:00+00:00,0.0,22.9745
2024-11-24 18:00:00+00:00,0.0,22.451584
2024-11-25 18:00:00+00:00,0.0,22.12867
2024-11-26 18:00:00+00:00,0.0,22.512001
2024-11-27 18:00:00+00:00,0.0,23.220331
2024-11-28 18:00:00+00:00,0.0,24.14325
2024-11-29 18:00:00+00:00,0.0,23.968252
2024-11-30 18:00:00+00:00,0.3,23.784914
2024-12-01 18:00:00+00:00,0.0,23.064081
2024-12-02 18:00:00+00:00,0.0,22.599497
2024-12-03 18:00:00+00:00,0.0,22.364084
2024-12-04 18:00:00+00:00,0.0,22.134916
2024-12-05 18:00:00+00:00,0.0,21.284918
2024-12-06 18:00:00+00:00,0.0,20.3245
2024-12-07 18:00:00+00:00,0.0,20.032833
2024-12-08 18:00:00+00:00,0.0,20.276583
2024-12-09 18:00:00+00:00,0.0,20.55158
2024-12-10 18:00:00+00:00,0.0,19.849497
2024-12-11 18:00:00+00:00,0.0,19.034918
2024-12-12 18:00:00+00:00,0.0,19.326582
2024-12-13 18:00:00+00:00,0.0,19.305748
2024-12-14 18:00:00+00:00,0.0,19.270332
2024-12-15 18:00:00+00:00,0.0,19.347414
2024-12-16 18:00:00+00:00,0.0,20.68075
2024-12-17 18:00:00+00:00,0.0,20.980753
2024-12-18 18:00:00+00:00,0.0,20.282831
2024-12-19 18:00:00+00:00,0.0,20.366167
2024-12-20 18:00:00+00:00,0.90000004,19.480747
2024-12-21 18:00:00+00:00,0.0,19.703665
2024-12-22 18:00:00+00:00,0.0,19.884916
2024-12-23 18:00:00+00:00,0.0,20.1245
2024-12-24 18:00:00+00:00,0.0,20.8245
2024-12-25 18:00:00+00:00,0.0,21.726583
2024-12-26 18:00:00+00:00,0.0,20.94325
2024-12-27 18:00:00+00:00,0.0,20.749498
2024-12-28 18:00:00+00:00,0.0,21.05992
2024-12-29 18:00:00+00:00,0.0,21.39325
2024-12-30 18:00:00+00:00,0.0,19.876583
2024-12-31 18:00:00+00:00,0.0,19.124496
2025-01-01 18:00:00+00:00,0.0,18.187002
2025-01-02 18:00:00+00:00,0.0,18.686998
2025-01-03 18:00:00+00:00,0.0,20.241167
2025-01-04 18:00:00+00:00,0.0,21.130747
2025-01-05 18:00:00+00:00,0.0,21.872416
2025-01-06 18:00:00+00:00,0.0,20.878668
2025-01-07 18:00:00+00:00,0.0,19.264082
2025-01-08 18:00:00+00:00,0.0,17.882833
2025-01-09 18:00:00+00:00,0.0,18.428667
2025-01-10 18:00:00+00:00,0.0,19.682835
2025-01-11 18:00:00+00:00,0.0,21.159914
2025-01-12 18:00:00+00:00,0.0,21.509918
2025-01-13 18:00:00+00:00,0.0,21.120333
2025-01-14 18:00:00+00:00,0.0,20.791166
2025-01-15 18:00:00+00:00,0.0,21.095333
2025-01-16 18:00:00+00:00,0.0,21.316166
2025-01-17 18:00:00+00:00,0.0,20.795332
2025-01-18 18:00:00+00:00,0.0,19.984917
2025-01-19 18:00:00+00:00,0.0,19.3245
2025-01-20 18:00:00+00:00,0.0,19.803667
2025-01-21 18:00:00+00:00,0.0,20.59325
2025-01-22 18:00:00+00:00,0.0,19.751583
2025-01-23 18:00:00+00:00,0.0,20.412
2025-01-24 18:00:00+00:00,0.0,20.65575
2025-01-25 18:00:00+00:00,0.0,19.814081
2025-01-26 18:00:00+00:00,0.0,19.932835
2025-01-27 18:00:00+00:00,0.0,20.507833
2025-01-28 18:00:00+00:00,0.0,21.05783
2025-01-29 18:00:00+00:00,2.0,21.582832
2025-01-30 18:00:00+00:00,1.1000001,22.691164
2025-01-31 18:00:00+00:00,0.1,22.397415
2025-02-01 18:00:00+00:00,0.0,22.9495
2025-02-02 18:00:00+00:00,0.0,22.31825
2025-02-03 18:00:00+00:00,0.0,21.487
2025-02-04 18:00:00+00:00,0.0,22.60575
2025-02-05 18:00:00+00:00,0.0,23.728668
2025-02-06 18:00:00+00:00,0.0,20.976583
2025-02-07 18:00:00+00:00,0.0,20.137
2025-02-08 18:00:00+00:00,0.0,20.272413
2025-02-09 18:00:00+00:00,0.0,21.80575
2025-02-10 18:00:00+00:00,0.1,22.405748
2025-02-11 18:00:00+00:00,0.0,23.732834
2025-02-12 18:00:00+00:00,0.0,24.364082
2025-02-13 18:00:00+00:00,0.0,22.805748
2025-02-14 18:00:00+00:00,0.0,22.545332
2025-02-15 18:00:00+00:00,0.0,23.69533
2025-02-16 18:00:00+00:00,0.0,24.634918
2025-02-17 18:00:00+00:00,4.2,24.451584
2025-02-18 18:00:00+00:00,0.0,25.10575
2025-02-19 18:00:00+00:00,0.0,25.218248
2025-02-20 18:00:00+00:00,0.0,25.664083
2025-02-21 18:00:00+00:00,1.7,25.586998
2025-02-22 18:00:00+00:00,1.6,24.072416
2025-02-23 18:00:00+00:00,0.0,24.507835
2025-02-24 18:00:00+00:00,0.0,24.753664
2025-02-25 18:00:00+00:00,0.0,24.418251
2025-02-26 18:00:00+00:00,0.0,25.178665
2025-02-27 18:00:00+00:00,0.1,26.037
2025-02-28 18:00:00+00:00,0.1,26.537
2025-03-01 18:00:00+00:00,0.0,28.280752
2025-03-02 18:00:00+00:00,0.0,28.424501
2025-03-03 18:00:00+00:00,0.0,27.272415
2025-03-04 18:00:00+00:00,0.0,26.841164
2025-03-05 18:00:00+00:00,0.0,25.339083
2025-03-06 18:00:00+00:00,0.0,24.609917
2025-03-07 18:00:00+00:00,0.0,25.762001
2025-03-08 18:00:00+00:00,0.0,27.220331
2025-03-09 18:00:00+00:00,0.0,28.318247
2025-03-10 18:00:00+00:00,0.0,28.841164
2025-03-11 18:00:00+00:00,0.0,28.709913
2025-03-12 18:00:00+00:00,0.0,29.166162
2025-03-13 18:00:00+00:00,0.2,29.770332
2025-03-14 18:00:00+00:00,0.0,30.170332
2025-03-15 18:00:00+00:00,12.6,29.832832
2025-03-16 18:00:00+00:00,1.2,29.153664
2025-03-17 18:00:00+00:00,0.0,29.830751
2025-03-18 18:00:00+00:00,0.0,30.193247
2025-03-19 18:00:00+00:00,1.4000001,27.918253
2025-03-20 18:00:00+00:00,1.6000001,26.509912
2025-03-21 18:00:00+00:00,1.6,24.326582
2025-03-22 18:00:00+00:00,0.0,26.532835
2025-03-23 18:00:00+00:00,0.0,27.409918
2025-03-24 18:00:00+00:00,0.0,28.361994
2025-03-25 18:00:00+00:00,0.0,29.307833
2025-03-26 18:00:00+00:00,0.0,30.58075
2025-03-27 18:00:00+00:00,0.0,31.345331
2025-03-28 18:00:00+00:00,0.0,31.28492
2025-03-29 18:00:00+00:00,0.1,30.286997
2025-03-30 18:00:00+00:00,0.0,30.941164
2025-03-31 18:00:00+00:00,0.0,30.576584
2025-04-01 18:00:00+00:00,0.0,30.522417
2025-04-02 18:00:00+00:00,0.0,31.895332
2025-04-03 18:00:00+00:00,0.3,31.57033
2025-04-04 18:00:00+00:00,1.2,30.957832
2025-04-05 18:00:00+00:00,0.70000005,29.749502
2025-04-06 18:00:00+00:00,0.0,30.678665
2025-04-07 18:00:00+00:00,0.70000005,30.545334
2025-04-08 18:00:00+00:00,0.1,29.351585
2025-04-09 18:00:00+00:00,11.800001,28.559916
2025-04-10 18:00:00+00:00,1.1,28.039085
2025-04-11 18:00:00+00:00,0.1,29.503668
2025-04-12 18:00:00+00:00,0.0,31.157831
2025-04-13 18:00:00+00:00,0.0,31.737
2025-04-14 18:00:00+00:00,0.4,30.566164
2025-04-15 18:00:00+00:00,1.9,28.74325
2025-04-16 18:00:00+00:00,1.8000001,26.674501
2025-04-17 18:00:00+00:00,4.6,25.072416
2025-04-18 18:00:00+00:00,8.600001,26.278664
2025-04-19 18:00:00+00:00,2.6,27.02867
2025-04-20 18:00:00+00:00,36.600002,27.0995
2025-04-21 18:00:00+00:00,5.5,29.247414
2025-04-22 18:00:00+00:00,0.2,29.94533
2025-04-23 18:00:00+00:00,0.3,29.99742
2025-04-24 18:00:00+00:00,0.3,30.249498
2025-04-25 18:00:00+00:00,0.1,30.14325
2025-04-26 18:00:00+00:00,0.5,30.066168
